<modification>
    <id><![CDATA[InaneCoding IZooto OpenCart mod v0.4 for OC 2.x]]></id>
    <version><![CDATA[0.4]]></version>
    <vqmver><![CDATA[2.1.6]]></vqmver>
    <author><![CDATA[Kapil / izooto.com]]></author>
        
        
    <file path="catalog/controller/common/" name="footer.php">
        <operation>
            <search position="before"><![CDATA[$data['powered']]]></search>
            <add><![CDATA[
        // BOF - Izooto Opencart mod
        $this->load->model('extension/izooto');
        $data['izooto_footer_text'] = $this->model_extension_izooto->getFooterText();
               print_r($data['izooto_footer_text']);
        // EOF - iZooto Opencart mod
            ]]></add>
        </operation>
    </file>
    <file path="catalog/view/theme/*/template/common/" name="footer.tpl">
        <operation>
            <search position="before"><![CDATA[</body>]]></search>
            <add><![CDATA[
                        <?php echo $izooto_footer_text ?> 
            ]]></add>
        </operation>
    </file>

    <file path="catalog/controller/product/" name="category.php">
        <operation>
            <search position="after"><![CDATA[function index() {]]></search>
            <add><![CDATA[
                
                        $this->load->model('extension/izooto');
                
                        $this->model_extension_izooto->categoryPageView();
               
            ]]></add>
        </operation>
    </file>

    <file path="catalog/controller/account/" name="account.php">
        <operation>
            <search position="after"><![CDATA[function index() {]]></search>
            <add><![CDATA[
        // BOF - Betaout Opencart mod
        
            $this->load->model('extension/izooto');
            $this->model_extension_izooto->userAccountPage();
        
        // EOF - Betaout Opencart mod
            ]]></add>
        </operation>
    </file>
    
    <file path="catalog/controller/account/" name="success.php">
        <operation>
            <search position="after"><![CDATA[function index() {]]></search>
            <add><![CDATA[
        // BOF - Betaout Opencart mod
        
            $this->load->model('extension/izooto');
            $this->model_extension_izooto->userSignUp();
        
        // EOF - Betaout Opencart mod
            ]]></add>
        </operation>
    </file>
    
    <file path="catalog/controller/checkout/" name="cart.php">
        <operation>
            <search position="after"><![CDATA[$this->cart->remove(]]></search>
            <add><![CDATA[
            // BOF - Betaout Opencart mod
            $this->load->model('extension/izooto');
            $this->model_extension_izooto->trackEcommerceCartUpdate();
            // EOF - Betaout Opencart mod
            ]]></add>
        </operation>
        <operation>
            <search position="after"><![CDATA[$this->cart->update(]]></search>
            <add><![CDATA[
            // BOF - Betaout Opencart mod
//                            $this->load->model('extension/izooto');
//                            $this->model_extension_izooto->track();
            // EOF - Betaout Opencart mod
            ]]></add>
        </operation>
        <operation>
            <search position="after"><![CDATA[$this->cart->add(]]></search>
            <add><![CDATA[
                // BOF - Betaout Opencart mod
                $this->load->model('extension/izooto');
                                //$this->model_extension_izooto->track();
                $this->model_extension_izooto->trackEcommerceCartUpdate();
                // EOF - Betaout Opencart mod
            ]]></add>
        </operation>
    </file>
    <file path="catalog/controller/checkout/" name="success.php">
        <operation>
            <search position="after"><![CDATA[function index() {]]></search>
            <add><![CDATA[
        // BOF - Betaout Opencart mod
        if ( isset($this->session->data['order_id']) and (  !empty($this->session->data['order_id']))  ) {
            $this->session->data['last_order_id']= $this->session->data['order_id'];
            
            $this->load->model('extension/izooto');
            $this->model_extension_izooto->trackEcommerceOrder($this->session->data['last_order_id']);
        }
                $this->load->model('extension/izooto');
        // EOF - Betaout Opencart mod
            ]]></add>
        </operation>
    </file>
 
        
</modification>

